Address,Date time,Minimum Temperature,Maximum Temperature,Temperature,Dew Point,Relative Humidity,Heat Index,Wind Speed,Wind Gust,Wind Direction,Wind Chill,Precipitation,Precipitation Cover,Snow Depth,Visibility,Cloud Cover,Sea Level Pressure,Weather Type,Latitude,Longitude,Resolved Address,Name,Info,Conditions
"zapopan","01/01/2019",16.6,21.1,18.8,6.2,44.83,,13,,360,,0,0,,11.7,95,1017.8,"",20.72163,-103.39335,"Zapopan, JAL, México","","","Overcast"
"zapopan","01/02/2019",9.7,22.9,16.6,9.7,67.82,,3.6,,185,,0,0,,12,76.7,1015.5,"",20.72163,-103.39335,"Zapopan, JAL, México","","","Overcast"
"zapopan","01/03/2019",11.7,24.1,19,8.1,54.55,,7.2,,266.67,,0,0,,12,60,1015.9,"",20.72163,-103.39335,"Zapopan, JAL, México","","","Partially cloudy"
"zapopan","01/04/2019",12.1,24.9,19.1,8.9,56.34,,3.6,,120,,0,0,,12,20,1016.4,"",20.72163,-103.39335,"Zapopan, JAL, México","","","Clear"
"zapopan","01/05/2019",11.9,25.9,19.9,9.9,57.44,,3.6,,125,,0,0,,12,63.3,1017.5,"",20.72163,-103.39335,"Zapopan, JAL, México","","","Partially cloudy"
"zapopan","01/06/2019",12.1,23,17.5,10,67.76,,6.7,,295,,0,0,,12.1,21.3,1019.3,"",20.72163,-103.39335,"Zapopan, JAL, México","","","Clear"
"zapopan","01/07/2019",11.1,26.7,19.7,9.2,56.76,,3.6,,210,,0,0,,12,76.7,1017.4,"Sky Coverage Increasing",20.72163,-103.39335,"Zapopan, JAL, México","","","Overcast"
"zapopan","01/08/2019",23.4,27.1,25.2,1.4,22.27,26,3.6,,150,,0,0,,14.1,0,1018.8,"",20.72163,-103.39335,"Zapopan, JAL, México","","","Clear"
"zapopan","01/09/2019",8.2,18.7,13.4,1.7,50.2,,7.2,,75,,0,0,,12,0,1024.3,"",20.72163,-103.39335,"Zapopan, JAL, México","","","Clear"
"zapopan","01/10/2019",10.9,23.6,19.2,6.5,48.74,,16.6,,265,,0,0,,12.3,20,1019.9,"",20.72163,-103.39335,"Zapopan, JAL, México","","","Clear"
"zapopan","01/11/2019",14.9,23.2,19.6,13.1,68.28,,7.2,,260,,0,0,,12,36.7,1014.7,"Light Drizzle",20.72163,-103.39335,"Zapopan, JAL, México","","","Partially cloudy"
"zapopan","01/12/2019",12.4,23.7,18.5,11.9,68.83,,3.6,,256.67,,0,0,,12,33.3,1017.1,"",20.72163,-103.39335,"Zapopan, JAL, México","","","Partially cloudy"
"zapopan","01/13/2019",21.6,25.2,23.4,11.1,46.46,,3.6,,110,,0,0,,12,20,1015.7,"",20.72163,-103.39335,"Zapopan, JAL, México","","","Clear"
"zapopan","01/14/2019",12.2,24.2,18.6,10.9,65.34,,7.2,,116.67,,0,0,,12,40,1019,"",20.72163,-103.39335,"Zapopan, JAL, México","","","Partially cloudy"
"zapopan","01/15/2019",14.4,21.4,17.6,13.4,78.25,,3.6,,203.33,,0.7,10,,12,83.3,1018.6,"Mist, Sky Coverage Decreasing",20.72163,-103.39335,"Zapopan, JAL, México","","","Rain, Overcast"
"zapopan","01/16/2019",13.2,23.7,19.2,11.9,66.5,,3.6,,205,,0,0,,12,90,1018.3,"Mist, Sky Coverage Increasing",20.72163,-103.39335,"Zapopan, JAL, México","","","Overcast"
"zapopan","01/17/2019",14.1,19.7,16.9,12.1,75.4,,3.6,,140,,0,0,,12,95,1019,"",20.72163,-103.39335,"Zapopan, JAL, México","","","Overcast"
"zapopan","01/18/2019",12.9,21.7,18.6,11.7,66.92,,3.6,,100,,0,0,,12,60,1016.2,"",20.72163,-103.39335,"Zapopan, JAL, México","","","Partially cloudy"
"zapopan","01/19/2019",11.7,26.1,21.1,4.9,44.01,,7.6,,243.33,,0,0,,13,35,1016.5,"",20.72163,-103.39335,"Zapopan, JAL, México","","","Partially cloudy"
"zapopan","01/20/2019",12.9,23.1,18,6,46.1,,7.2,,95,,0,0,,12,40,1018,"",20.72163,-103.39335,"Zapopan, JAL, México","","","Partially cloudy"
"zapopan","01/21/2019",9.6,25.6,20.5,4.4,42.76,,9.4,,197.5,,0,0,,13,0,1018.6,"",20.72163,-103.39335,"Zapopan, JAL, México","","","Clear"
"zapopan","01/22/2019",12.1,25.1,20.2,9.4,55.31,,10.8,,235,,0,0,,12,0,1015.6,"",20.72163,-103.39335,"Zapopan, JAL, México","","","Clear"
"zapopan","01/23/2019",13.7,26.1,21.6,7,47.51,,10.8,,306.67,,0,0,,13,17.5,1014.9,"",20.72163,-103.39335,"Zapopan, JAL, México","","","Clear"
"zapopan","01/24/2019",10.7,25.1,19,5.9,50.01,,7.2,,170,,0,0,,12,3.3,1015.8,"",20.72163,-103.39335,"Zapopan, JAL, México","","","Clear"
"zapopan","01/25/2019",12.6,25.7,19.6,7.8,50.71,,7.2,,130,,0,0,,12,56.7,1015.9,"Sky Coverage Increasing",20.72163,-103.39335,"Zapopan, JAL, México","","","Partially cloudy"
"zapopan","01/26/2019",14.4,24.2,20.6,5.9,43.19,,10.8,,290,,0,0,,12,13.3,1013.2,"",20.72163,-103.39335,"Zapopan, JAL, México","","","Clear"
"zapopan","01/27/2019",10.6,23.2,17.4,-1.8,29.15,,7.2,,56.67,,0,0,,12,0,1019.1,"",20.72163,-103.39335,"Zapopan, JAL, México","","","Clear"
"zapopan","01/28/2019",7.1,23.9,16.7,-0.1,39.31,,7.2,,185,,0,0,,12,0,1017.4,"",20.72163,-103.39335,"Zapopan, JAL, México","","","Clear"
"zapopan","01/29/2019",9.2,24.4,17.9,2.9,44.68,,3.6,,330,,0,0,,12,0,1015,"",20.72163,-103.39335,"Zapopan, JAL, México","","","Clear"
"zapopan","01/30/2019",8.9,25.1,20,-3.1,33.06,,22.3,,253.33,,0,0,,13,22.5,1014.7,"",20.72163,-103.39335,"Zapopan, JAL, México","","","Clear"
"zapopan","01/31/2019",11.6,23.2,17.8,5.9,51.66,,3.6,,160,,0,0,,12,43.3,1017.4,"",20.72163,-103.39335,"Zapopan, JAL, México","","","Partially cloudy"
"zapopan","02/01/2019",10.4,25.1,18.6,6.4,53.77,,10.8,,185,,0,0,,12,3.3,1017,"",20.72163,-103.39335,"Zapopan, JAL, México","","","Clear"
"zapopan","02/02/2019",13.6,26.1,21.9,1.8,33.96,,14.8,,137.5,,0,0,,13,17.5,1016.2,"",20.72163,-103.39335,"Zapopan, JAL, México","","","Clear"
"zapopan","02/03/2019",21.7,26.4,24,3.6,27.25,,7.2,,185,,0,0,,12,50,1013.9,"",20.72163,-103.39335,"Zapopan, JAL, México","","","Partially cloudy"
"zapopan","02/04/2019",12,27.1,22.1,2.2,34.3,25.9,3.6,,170,,0,0,,13.9,0,1014.2,"",20.72163,-103.39335,"Zapopan, JAL, México","","","Clear"
"zapopan","02/05/2019",13.7,28.6,21.6,6.1,43.03,27.1,3.6,,143.33,,0,0,,12,50,1014.8,"",20.72163,-103.39335,"Zapopan, JAL, México","","","Partially cloudy"
"zapopan","02/06/2019",13.1,29.4,24,6.3,40.02,27.9,20.5,,156.67,,0,0,,13,5,1013.7,"",20.72163,-103.39335,"Zapopan, JAL, México","","","Clear"
"zapopan","02/07/2019",12.7,27.9,21,7.2,46.62,26.7,3.6,,80,,0,0,,12,0,1015,"",20.72163,-103.39335,"Zapopan, JAL, México","","","Clear"
"zapopan","02/08/2019",14.1,27.6,21.2,8.5,47.36,26.9,7.2,,135,,0,0,,11.8,60,1015.2,"Sky Coverage Increasing",20.72163,-103.39335,"Zapopan, JAL, México","","","Partially cloudy"
"zapopan","02/09/2019",15.2,25.6,21.1,9.7,50.71,,3.6,,86.67,,0,0,,12,3.3,1016.6,"",20.72163,-103.39335,"Zapopan, JAL, México","","","Clear"
"zapopan","02/10/2019",22.6,26.2,24.4,10.5,41.91,,7.2,,240,,0,0,,12,25,1014,"",20.72163,-103.39335,"Zapopan, JAL, México","","","Clear"
"zapopan","02/11/2019",16.2,26.1,22.8,7.4,39.8,,18.4,,253.33,,0,0,,11.8,20,1012.5,"",20.72163,-103.39335,"Zapopan, JAL, México","","","Clear"
"zapopan","02/12/2019",14.4,26.2,20.9,8.9,50.56,,3.6,,156.67,,0,0,,12,60,1013.1,"",20.72163,-103.39335,"Zapopan, JAL, México","","","Partially cloudy"
"zapopan","02/13/2019",14.9,26.6,21.2,9.2,48.71,,7.2,,143.33,,0,0,,12,13.3,1015.8,"",20.72163,-103.39335,"Zapopan, JAL, México","","","Clear"
"zapopan","02/14/2019",9.1,28.1,20.6,7.2,50.3,26.7,24.1,,266.67,,0,0,,13,0,1013.8,"",20.72163,-103.39335,"Zapopan, JAL, México","","","Clear"
"zapopan","02/15/2019",15.1,29.4,22.9,10.7,50.39,28.2,3.6,,155,,0,0,,12,0,1013.3,"",20.72163,-103.39335,"Zapopan, JAL, México","","","Clear"
"zapopan","02/16/2019",16.4,31.7,24.4,10.8,46.6,30.2,7.2,,145,,0,0,,12,0,1010.4,"",20.72163,-103.39335,"Zapopan, JAL, México","","","Clear"
"zapopan","02/17/2019",15.1,28.1,22.9,8.4,46.08,26.9,10.8,,286.67,,0,0,,12,0,1011.8,"",20.72163,-103.39335,"Zapopan, JAL, México","","","Clear"
"zapopan","02/18/2019",15.7,30,23.6,7.4,43.42,28.2,7.2,,195,,0,0,,12,0,1012.4,"",20.72163,-103.39335,"Zapopan, JAL, México","","","Clear"
"zapopan","02/19/2019",14.9,27.7,22.1,6.7,42.14,26.6,10.8,,176.67,,0,0,,12.2,7.5,1011.8,"",20.72163,-103.39335,"Zapopan, JAL, México","","","Clear"
"zapopan","02/20/2019",15.1,28.1,23.8,3.6,34.35,26.8,18.4,,223.33,,0,0,,13,15,1009.7,"",20.72163,-103.39335,"Zapopan, JAL, México","","","Clear"
"zapopan","02/21/2019",13.7,26.9,21.4,4.1,35.94,26,14.4,,243.33,,0,0,,12,20,1010.7,"",20.72163,-103.39335,"Zapopan, JAL, México","","","Clear"
"zapopan","02/22/2019",15.6,26.1,20.9,9.2,49.54,,7.2,,293.33,,0,0,,12,63.3,1013.9,"",20.72163,-103.39335,"Zapopan, JAL, México","","","Partially cloudy"
"zapopan","02/23/2019",15.7,25.1,20.7,10.4,58.13,,7.2,,190,,0,0,,12,86.7,1014.8,"",20.72163,-103.39335,"Zapopan, JAL, México","","","Overcast"
"zapopan","02/24/2019",13.6,29.4,22.5,7.2,46.44,27.7,3.6,,220,,0,0,,12,30,1015.3,"",20.72163,-103.39335,"Zapopan, JAL, México","","","Partially cloudy"
"zapopan","02/25/2019",16.9,28.2,23.8,7.6,39.04,26.9,7.2,,236.67,,0,0,,12,43.3,1015.3,"",20.72163,-103.39335,"Zapopan, JAL, México","","","Partially cloudy"
"zapopan","02/26/2019",17.2,29.4,24.6,6.7,36.2,27.7,10.8,,300,,0,0,,12,0,1015.7,"",20.72163,-103.39335,"Zapopan, JAL, México","","","Clear"
"zapopan","02/27/2019",18.4,31.1,26.5,4.2,28.2,29,14.8,,230,,0,0,,13,0,1013.8,"",20.72163,-103.39335,"Zapopan, JAL, México","","","Clear"
"zapopan","02/28/2019",10.1,31.7,21,4.6,43.93,29.5,7.2,,180,,0,0,,12.2,0,1011.9,"",20.72163,-103.39335,"Zapopan, JAL, México","","","Clear"
"zapopan","03/01/2019",16.2,30.9,26.6,2,25.18,28.9,24.1,,287.5,,0,0,,13.6,0,1013.3,"",20.72163,-103.39335,"Zapopan, JAL, México","","","Clear"
"zapopan","03/02/2019",17.6,31.1,24.8,8.3,39.41,29.2,7.2,,170,,0,0,,12,0,1014.3,"",20.72163,-103.39335,"Zapopan, JAL, México","","","Clear"
"zapopan","03/03/2019",15.2,32.1,26.2,-1.2,24.38,29.9,20.5,,297.5,,0,0,,13.6,2,1012.4,"",20.72163,-103.39335,"Zapopan, JAL, México","","","Clear"
"zapopan","03/04/2019",16.4,32.3,25.3,8,40.32,30,11.4,,289,,0,0,,12.1,0,1011.4,"",20.72163,-103.39335,"Zapopan, JAL, México","","","Clear"
"zapopan","03/05/2019",18.2,32.2,26.1,7.5,34.78,30,3.6,,76.67,,0,0,,12,0,1012.9,"",20.72163,-103.39335,"Zapopan, JAL, México","","","Clear"
"zapopan","03/06/2019",18.4,30.9,25.2,6.8,33.12,29,3.6,,163.33,,0,0,,12,0,1015.5,"",20.72163,-103.39335,"Zapopan, JAL, México","","","Clear"
"zapopan","03/07/2019",17.6,30.9,25.5,4.2,28.34,28.9,10.8,,243.33,,0,0,,12,0,1015.4,"",20.72163,-103.39335,"Zapopan, JAL, México","","","Clear"
"zapopan","03/08/2019",17.6,31.1,26.9,3,24.73,29.1,18.4,,306.67,,0,0,,13,10,1012.5,"",20.72163,-103.39335,"Zapopan, JAL, México","","","Clear"
"zapopan","03/09/2019",17.4,31.7,26.9,0.6,22.84,29.5,14.8,,276.67,,0,0,,13,0,1011.1,"",20.72163,-103.39335,"Zapopan, JAL, México","","","Clear"
"zapopan","03/10/2019",26.6,31.6,29.1,-0.6,15.15,29.4,7.2,,260,,0,0,,12,0,1011,"",20.72163,-103.39335,"Zapopan, JAL, México","","","Clear"
"zapopan","03/11/2019",17.2,33.4,25.4,6,32.54,31,3.6,,220,,0,0,,11.8,15,1011.3,"",20.72163,-103.39335,"Zapopan, JAL, México","","","Clear"
"zapopan","03/12/2019",18.7,29.9,25.8,9.2,38.31,28.4,13,,257.5,,0,0,,11.8,12.5,1011.7,"",20.72163,-103.39335,"Zapopan, JAL, México","","","Clear"
"zapopan","03/13/2019",18.1,28.1,25.4,8.1,37.13,26.8,24.1,,245,,0,0,,13.6,14,1010.6,"",20.72163,-103.39335,"Zapopan, JAL, México","","","Clear"
"zapopan","03/14/2019",18.7,30.3,26,6.8,34.12,28.5,9.4,,205,,0,0,,13,2.5,1010.8,"",20.72163,-103.39335,"Zapopan, JAL, México","","","Clear"
"zapopan","03/15/2019",18.4,30.6,25.4,6.8,35.46,28.6,7.2,,176.67,,0,0,,12,0,1010.5,"",20.72163,-103.39335,"Zapopan, JAL, México","","","Clear"
"zapopan","03/16/2019",16.4,27.5,23,7.6,42.5,26.6,8.4,,188.5,,0,0,,12,73.5,1012.4,"",20.72163,-103.39335,"Zapopan, JAL, México","","","Partially cloudy"
"zapopan","03/17/2019",18.5,27.9,23.4,10.9,47.25,27.1,7.2,,213.33,,0,0,,12,67.3,1012.4,"",20.72163,-103.39335,"Zapopan, JAL, México","","","Partially cloudy"
"zapopan","03/18/2019",18.1,28.4,23.9,8.3,42.28,27,10.8,,190,,0,0,,12,23.3,1010.6,"",20.72163,-103.39335,"Zapopan, JAL, México","","","Clear"
"zapopan","03/19/2019",16.2,28.9,23.1,4.6,37.19,27.3,7.2,,203.33,,0,0,,12,3.3,1013,"",20.72163,-103.39335,"Zapopan, JAL, México","","","Clear"
"zapopan","03/20/2019",16.9,27.9,23.1,4.4,33.35,26.6,10.8,,226.67,,0,0,,12,13.3,1014,"",20.72163,-103.39335,"Zapopan, JAL, México","","","Clear"
"zapopan","03/21/2019",17.6,29.6,24.6,5.6,33.79,28,11.2,,122.5,,0,0,,13.8,22.5,1014,"",20.72163,-103.39335,"Zapopan, JAL, México","","","Clear"
"zapopan","03/22/2019",17.6,28.6,22.8,6.5,37.85,27.1,10.8,,173.33,,0,0,,15,10,1013.7,"",20.72163,-103.39335,"Zapopan, JAL, México","","","Clear"
"zapopan","03/23/2019",17.4,28.1,24.3,3.6,31.02,26.7,20.5,,225,,0,0,,13,10,1015.5,"",20.72163,-103.39335,"Zapopan, JAL, México","","","Clear"
"zapopan","03/24/2019",18.7,29.9,24.3,7.5,39.37,28.1,7.2,,155,,0,0,,12,20,1014.7,"",20.72163,-103.39335,"Zapopan, JAL, México","","","Clear"
"zapopan","03/25/2019",18.7,32.1,26.4,5.9,31.04,29.9,7.2,,173.33,,0,0,,12,0,1013.4,"",20.72163,-103.39335,"Zapopan, JAL, México","","","Clear"
"zapopan","03/26/2019",19.9,31.7,26.2,1.7,22.68,29.5,7.2,,193.33,,0,0,,12,30,1012.6,"",20.72163,-103.39335,"Zapopan, JAL, México","","","Partially cloudy"
"zapopan","03/27/2019",18.9,29.1,24.3,6.4,34.06,27.5,3.6,,160,,0,0,,12,70,1014.9,"Sky Coverage Increasing",20.72163,-103.39335,"Zapopan, JAL, México","","","Partially cloudy"
"zapopan","03/28/2019",20.7,30.7,26.3,5.7,28.31,28.8,7.2,,200,,0,0,,12,3.3,1014.7,"",20.72163,-103.39335,"Zapopan, JAL, México","","","Clear"
"zapopan","03/29/2019",19.1,31.9,28.5,-3,16.47,29.6,25.9,,266,,0,0,,13.6,0,1011.2,"",20.72163,-103.39335,"Zapopan, JAL, México","","","Clear"
"zapopan","03/30/2019",28.6,32.2,30.4,-6.1,8.94,29.9,10.8,,205,,0,0,,12,0,1008.7,"",20.72163,-103.39335,"Zapopan, JAL, México","","","Clear"
"zapopan","03/31/2019",19.4,31.6,25.9,-1.2,19.7,29.4,7.2,,136.67,,0,0,,12,0,1010.3,"",20.72163,-103.39335,"Zapopan, JAL, México","","","Clear"
"zapopan","04/01/2019",27.7,30.2,28.9,-0.8,15.11,28.3,10.8,,300,,0,0,,12,0,1010.7,"",20.72163,-103.39335,"Zapopan, JAL, México","","","Clear"
"zapopan","04/02/2019",19.9,29.4,25.6,3.3,27.05,27.6,14.8,,157.5,,0,0,,13,0,1013.5,"",20.72163,-103.39335,"Zapopan, JAL, México","","","Clear"
"zapopan","04/03/2019",19.4,29.6,26,2.2,24.76,27.8,9.4,,150,,0,0,,13,10,1014.8,"",20.72163,-103.39335,"Zapopan, JAL, México","","","Clear"
"zapopan","04/04/2019",28.9,28.9,28.9,2.7,18.64,27.3,10.8,,320,,0,0,,12,30,1011.8,"",20.72163,-103.39335,"Zapopan, JAL, México","","","Partially cloudy"
"zapopan","04/05/2019",20.2,28.9,25.4,4.4,28.44,27.3,7.2,,230,,0,0,,12,50,1011.5,"",20.72163,-103.39335,"Zapopan, JAL, México","","","Partially cloudy"
"zapopan","04/06/2019",18.1,30,26.2,-3.5,19.78,28.2,29.5,,222.5,,0,0,,12.7,36,1010.7,"",20.72163,-103.39335,"Zapopan, JAL, México","","","Partially cloudy"
"zapopan","04/07/2019",16.9,30.3,26.2,-1.6,22.43,28.4,9.4,,197.5,,0,0,,13,0,1012.3,"",20.72163,-103.39335,"Zapopan, JAL, México","","","Clear"
"zapopan","04/08/2019",19.1,29.2,25.9,0.8,22.99,27.5,13,,243.33,,0,0,,12.2,0,1013,"",20.72163,-103.39335,"Zapopan, JAL, México","","","Clear"
"zapopan","04/09/2019",19.4,19.4,19.4,4.6,37.69,,3.6,,40,,0,0,,12,0,1016.7,"",20.72163,-103.39335,"Zapopan, JAL, México","","","Clear"
"zapopan","04/10/2019",19.6,31.1,26.4,0.4,21.8,29,7.2,,306.67,,0,0,,12,0,1010.7,"",20.72163,-103.39335,"Zapopan, JAL, México","","","Clear"
"zapopan","04/11/2019",20.4,29.9,25.9,-0.3,19.23,28,10.8,,310,,0,0,,12,0,1008.9,"",20.72163,-103.39335,"Zapopan, JAL, México","","","Clear"
"zapopan","04/12/2019",19.6,29.2,24.9,0.2,21.32,27.5,10.8,,170,,0,0,,12,43.3,1007.8,"",20.72163,-103.39335,"Zapopan, JAL, México","","","Partially cloudy"
"zapopan","04/13/2019",17.1,28.6,23.7,-2.4,22.05,27,10.8,,300,,0,0,,11.3,26.7,1008.1,"Smoke Or Haze",20.72163,-103.39335,"Zapopan, JAL, México","","","Partially cloudy"
"zapopan","04/14/2019",15.9,29.6,23.7,0.1,23.78,27.8,3.6,,73.33,,0,0,,12,0,1011.8,"",20.72163,-103.39335,"Zapopan, JAL, México","","","Clear"
"zapopan","04/15/2019",19.1,32.4,26.3,5.4,28.95,30.1,7.2,,113.33,,0,0,,12,83.3,1010.8,"",20.72163,-103.39335,"Zapopan, JAL, México","","","Overcast"
"zapopan","04/16/2019",20.1,33.6,27.8,5.4,28.74,31.1,10.8,,173.33,,0,0,,12,10,1012.5,"",20.72163,-103.39335,"Zapopan, JAL, México","","","Clear"
"zapopan","04/17/2019",20.5,32.4,29,-0.3,17.61,30.1,20.5,,218,,0,0,,13.6,0,1011.7,"",20.72163,-103.39335,"Zapopan, JAL, México","","","Clear"
"zapopan","04/18/2019",16.1,32.2,26.1,0.1,24.72,29.9,10.8,,177.5,,0,0,,13,0,1009.1,"",20.72163,-103.39335,"Zapopan, JAL, México","","","Clear"
"zapopan","04/19/2019",20.2,29.9,25.5,2.4,24.12,28,16.6,,74,,0,0,,12.4,50,1011.6,"",20.72163,-103.39335,"Zapopan, JAL, México","","","Partially cloudy"
"zapopan","04/20/2019",20.2,32.1,26.4,5.6,27.88,30,7.2,,143.33,,0,0,,12,3.3,1013.7,"",20.72163,-103.39335,"Zapopan, JAL, México","","","Clear"
"zapopan","04/21/2019",21.1,32.1,27.7,2.7,23.74,29.8,14.8,,303.33,,0,0,,13.4,26.7,1014.4,"",20.72163,-103.39335,"Zapopan, JAL, México","","","Partially cloudy"
"zapopan","04/22/2019",21.1,30.2,25.6,2,23.15,28.3,7.2,,300,,0,0,,11,0,1014.1,"",20.72163,-103.39335,"Zapopan, JAL, México","","","Clear"
"zapopan","04/23/2019",21.7,31.1,27.9,-1,17.46,29,14.8,,296.67,,0,0,,13.4,56.7,1010.3,"",20.72163,-103.39335,"Zapopan, JAL, México","","","Partially cloudy"
"zapopan","04/24/2019",19.9,27.1,23.5,2,25.3,26.1,7.2,,285,,0,0,,12,45,1012,"",20.72163,-103.39335,"Zapopan, JAL, México","","","Partially cloudy"
"zapopan","04/25/2019",20.8,29.1,25.2,-0.2,20.19,27.4,7.2,,323.33,,0,0,,12,73.3,1010.6,"Sky Unchanged",20.72163,-103.39335,"Zapopan, JAL, México","","","Partially cloudy"
"zapopan","04/26/2019",21.2,31.7,27.1,4.3,25.08,29.5,3.6,,190,,0,0,,12,20,1012.1,"",20.72163,-103.39335,"Zapopan, JAL, México","","","Clear"
"zapopan","04/27/2019",22.1,31.4,27.6,5.4,26.21,29.3,7.2,,176.67,,0,0,,12,33.3,1009.9,"",20.72163,-103.39335,"Zapopan, JAL, México","","","Partially cloudy"
"zapopan","04/28/2019",20.4,28.9,24.6,5,32.69,27.3,3.6,,160,,0,0,,12,60,1011.1,"",20.72163,-103.39335,"Zapopan, JAL, México","","","Partially cloudy"
"zapopan","04/29/2019",22.1,32.4,28.3,7.9,29.81,30.3,10.8,,335,,0,0,,12,60,1009.7,"",20.72163,-103.39335,"Zapopan, JAL, México","","","Partially cloudy"
"zapopan","04/30/2019",22.1,34.6,29.7,3.6,22.45,32.1,14.8,,225,,0,0,,11,77.5,1009.4,"",20.72163,-103.39335,"Zapopan, JAL, México","","","Overcast"
"zapopan","05/01/2019",23.4,34.4,30.1,4.9,22.43,31.9,7.2,,140,,0,0,,12,20,1008.8,"",20.72163,-103.39335,"Zapopan, JAL, México","","","Clear"
"zapopan","05/02/2019",23.2,34.4,29.4,1,17.4,31.8,7.2,,290,,0,0,,12,3.3,1008.6,"",20.72163,-103.39335,"Zapopan, JAL, México","","","Clear"
"zapopan","05/03/2019",23.7,32.7,28.8,0.4,16.91,30.3,10.8,,306.67,,0,0,,12,30,1008.4,"",20.72163,-103.39335,"Zapopan, JAL, México","","","Partially cloudy"
"zapopan","05/04/2019",23.2,31.6,27.8,3.8,21.96,29.5,10.8,,283.33,,0,0,,12,73.3,1005.9,"",20.72163,-103.39335,"Zapopan, JAL, México","","","Partially cloudy"
"zapopan","05/05/2019",22.6,32.4,28.3,3.6,22.24,30.1,10.8,,263.33,,0,0,,12,46.7,1006.2,"",20.72163,-103.39335,"Zapopan, JAL, México","","","Partially cloudy"
"zapopan","05/06/2019",20.1,29.1,24.6,0.8,25.19,27.4,10.8,,193.33,,0,0,,12.2,95,1010.2,"Sky Coverage Increasing",20.72163,-103.39335,"Zapopan, JAL, México","","","Overcast"
"zapopan","05/07/2019",11.1,30,22.6,-4.7,17.79,28.2,14.8,,289.33,,0,0,,14.1,12.3,1012.5,"",20.72163,-103.39335,"Zapopan, JAL, México","","","Clear"
"zapopan","05/08/2019",21.1,32.4,28.3,-6.6,11.09,30.1,35.3,,220,,0,0,,11,0,1010.2,"",20.72163,-103.39335,"Zapopan, JAL, México","","","Clear"
"zapopan","05/09/2019",19.6,32.2,28,-1.5,17.92,29.9,9.4,,290,,0,0,,13,90,1007.6,"Sky Coverage Increasing",20.72163,-103.39335,"Zapopan, JAL, México","","","Overcast"
"zapopan","05/10/2019",21.2,31.6,28,2.3,21.91,29.4,9.4,,305,,0,0,,13,0,1008.7,"",20.72163,-103.39335,"Zapopan, JAL, México","","","Clear"
"zapopan","05/11/2019",22.1,33.1,28.9,-1,15.87,30.7,18.4,,322.5,,0,0,,13.6,16,1008.9,"",20.72163,-103.39335,"Zapopan, JAL, México","","","Clear"
"zapopan","05/12/2019",19.1,30.9,25.1,2.7,24.33,28.9,11.2,,300,,0,0,,13,5,1010,"",20.72163,-103.39335,"Zapopan, JAL, México","","","Clear"
"zapopan","05/13/2019",21.4,33.1,28.2,-0.4,17.19,30.6,7.2,,246.67,,0,0,,11.3,40,1009.7,"Smoke Or Haze",20.72163,-103.39335,"Zapopan, JAL, México","","","Partially cloudy"
"zapopan","05/14/2019",22.6,34.4,29.3,1.5,20.04,31.8,10.8,,176.67,,0,0,,11.3,3.3,1008.7,"",20.72163,-103.39335,"Zapopan, JAL, México","","","Clear"
"zapopan","05/15/2019",21.2,33.4,28.1,2.8,22.37,30.9,7.2,,95,,0,0,,12,43.3,1009.9,"",20.72163,-103.39335,"Zapopan, JAL, México","","","Partially cloudy"
"zapopan","05/16/2019",,,,,,,,,,,,,,,,,"",20.72163,-103.39335,"Zapopan, JAL, México","","",""
"zapopan","05/17/2019",,,,,,,,,,,,,,,,,"",20.72163,-103.39335,"Zapopan, JAL, México","","No data available",""
"zapopan","05/18/2019",,,,,,,,,,,,,,,,,"",20.72163,-103.39335,"Zapopan, JAL, México","","No data available",""
"zapopan","05/19/2019",,,,,,,,,,,,,,,,,"",20.72163,-103.39335,"Zapopan, JAL, México","","No data available",""
"zapopan","05/20/2019",30.9,33.1,32,-0.1,12.9,30.6,10.8,,305,,0,0,,12,0,1007,"",20.72163,-103.39335,"Zapopan, JAL, México","","No data available","Clear"
"zapopan","05/21/2019",23.9,33.2,29.9,-0.1,15.41,30.8,20.5,,297.5,,0,0,,13,10,1006.8,"",20.72163,-103.39335,"Zapopan, JAL, México","","","Clear"
"zapopan","05/22/2019",22.2,33.4,27.6,-2.7,14.65,30.9,9.4,,290,,0,0,,13,10,1007.7,"",20.72163,-103.39335,"Zapopan, JAL, México","","","Clear"
"zapopan","05/23/2019",23.4,33.6,28.9,-0.6,15.11,31.1,7.2,,306.67,,0,0,,12,3.3,1008.7,"",20.72163,-103.39335,"Zapopan, JAL, México","","","Clear"
"zapopan","05/24/2019",23.6,29.2,26.4,5.4,26.64,27.6,7.2,,150,,0,0,,12,25,1010.1,"",20.72163,-103.39335,"Zapopan, JAL, México","","","Clear"
"zapopan","05/25/2019",23.2,33.1,29.5,7.4,26.56,30.9,13,,117.5,,0,0,,11.8,22.5,1008.7,"",20.72163,-103.39335,"Zapopan, JAL, México","","","Clear"
"zapopan","05/26/2019",22.9,31.6,27.4,11.1,37.99,30,7.2,,316.67,,0,0,,12,23.3,1010,"",20.72163,-103.39335,"Zapopan, JAL, México","","","Clear"
"zapopan","05/27/2019",24.1,28.2,26.1,14,48.21,27.7,7.2,,290,,0,0,,12,60,1009.2,"",20.72163,-103.39335,"Zapopan, JAL, México","","","Partially cloudy"
"zapopan","05/28/2019",22.4,28.4,25.4,11.9,43.99,27.7,7.2,,285,,0,0,,12,10,1008.4,"",20.72163,-103.39335,"Zapopan, JAL, México","","","Clear"
"zapopan","05/29/2019",23.2,32.4,27.9,9.8,34.79,30.3,10.8,,316.67,,0,0,,12,70,1004.9,"Sky Coverage Increasing",20.72163,-103.39335,"Zapopan, JAL, México","","","Partially cloudy"
"zapopan","05/30/2019",20.8,34.1,28.2,10.3,38.74,32,10.8,,320,,0,0,,12,53.3,1006.9,"",20.72163,-103.39335,"Zapopan, JAL, México","","","Partially cloudy"
"zapopan","05/31/2019",24.1,33.6,30.1,12.1,35.79,32.2,16.6,,142.5,,0,0,,11.8,45,1006.7,"",20.72163,-103.39335,"Zapopan, JAL, México","","","Partially cloudy"
"zapopan","06/01/2019",22.4,31.6,27.4,14.1,47.21,30.3,3.6,,123.33,,0,0,,12,30,1007.8,"",20.72163,-103.39335,"Zapopan, JAL, México","","","Partially cloudy"
"zapopan","06/02/2019",23.4,32.6,28.4,13.4,41.23,31.4,3.6,,206.67,,0,0,,12,33.3,1006,"",20.72163,-103.39335,"Zapopan, JAL, México","","","Partially cloudy"
"zapopan","06/03/2019",20.2,31.7,26.1,16.7,61.09,31,7.2,,270,,0.6,10,,11.3,80,1007.8,"Light Drizzle, Sky Coverage Decreasing",20.72163,-103.39335,"Zapopan, JAL, México","","","Rain, Overcast"
"zapopan","06/04/2019",21.1,27.6,24.3,16.5,63.23,27.9,3.6,,115,,0.1,10,,12,65,1009.5,"Sky Coverage Decreasing",20.72163,-103.39335,"Zapopan, JAL, México","","","Rain, Partially cloudy"
"zapopan","06/05/2019",23.9,27.1,26,16.3,55.31,27.8,10.8,,250,,0,0,,12,83.3,1008.7,"Sky Coverage Increasing",20.72163,-103.39335,"Zapopan, JAL, México","","","Overcast"
"zapopan","06/06/2019",21.1,28.1,24.6,14.9,57.93,27.7,7.2,,335,,0,0,,12,70,1011.1,"",20.72163,-103.39335,"Zapopan, JAL, México","","","Partially cloudy"
"zapopan","06/07/2019",24.2,31.2,27.7,14.7,46.4,30.5,3.6,,105,,0,0,,12,15,1008.3,"",20.72163,-103.39335,"Zapopan, JAL, México","","","Clear"
"zapopan","06/08/2019",23.9,30.3,27.4,14.8,48.2,29.8,3.6,,226.67,,0,0,,12,60,1007.5,"",20.72163,-103.39335,"Zapopan, JAL, México","","","Partially cloudy"
"zapopan","06/09/2019",23.2,34.1,28.2,15.3,48.32,32.8,7.6,,267.5,,0,0,,11,52.5,1010.1,"",20.72163,-103.39335,"Zapopan, JAL, México","","","Partially cloudy"
"zapopan","06/10/2019",24.1,34.9,30.2,4.9,21.85,32.3,10.8,,110,,0,0,,12,70,1011.3,"",20.72163,-103.39335,"Zapopan, JAL, México","","","Partially cloudy"
"zapopan","06/11/2019",21.1,31.2,26.5,11.4,39.76,29.8,20.5,,55,,0,0,,13,40,1011.3,"",20.72163,-103.39335,"Zapopan, JAL, México","","","Partially cloudy"
"zapopan","06/12/2019",24.1,32.1,28.4,13.8,43.21,30.7,10.8,,183.33,,0.2,10,,12,23.3,1008.4,"Sky Unchanged",20.72163,-103.39335,"Zapopan, JAL, México","","","Rain, Clear"
"zapopan","06/13/2019",23.6,30.2,27.8,13.3,42.28,29.1,7.2,,133.33,,0,0,,12,40,1011,"",20.72163,-103.39335,"Zapopan, JAL, México","","","Partially cloudy"
"zapopan","06/14/2019",22.7,33.2,28.1,13.3,42.82,31.8,7.2,,180,,0,0,,12,23.3,1011.5,"",20.72163,-103.39335,"Zapopan, JAL, México","","","Clear"
"zapopan","06/15/2019",23.1,31.7,27.4,14.7,47.08,30.9,7.2,,256.67,,0,0,,12,20,1009.2,"",20.72163,-103.39335,"Zapopan, JAL, México","","","Clear"
"zapopan","06/16/2019",22.9,29.4,26.1,15.6,53.67,29.2,3.6,,185,,0,0,,12,30,1009,"",20.72163,-103.39335,"Zapopan, JAL, México","","","Partially cloudy"
"zapopan","06/17/2019",21.7,31.7,27.1,15.8,51.65,31.7,7.2,,216.67,,0,0,,12,36.7,1009.3,"",20.72163,-103.39335,"Zapopan, JAL, México","","","Partially cloudy"
"zapopan","06/18/2019",,,,,,,,,,,,,,,,,"",20.72163,-103.39335,"Zapopan, JAL, México","","",""
"zapopan","06/19/2019",,,,,,,,,,,,,,,,,"",20.72163,-103.39335,"Zapopan, JAL, México","","No data available",""
"zapopan","06/20/2019",,,,,,,,,,,,,,,,,"",20.72163,-103.39335,"Zapopan, JAL, México","","No data available",""
"zapopan","06/21/2019",29.7,33.1,31.4,15.4,39.71,31.8,7.2,,215,,0,0,,12,85,1007.9,"",20.72163,-103.39335,"Zapopan, JAL, México","","No data available","Overcast"
"zapopan","06/22/2019",22.7,32.1,28.7,10.3,36.62,30,25.9,,275,,0,0,,13,35,1010.5,"",20.72163,-103.39335,"Zapopan, JAL, México","","","Partially cloudy"
"zapopan","06/23/2019",21.4,31.7,26.8,10,36.6,30,7.2,,200,,0,0,,12,16.7,1010.2,"",20.72163,-103.39335,"Zapopan, JAL, México","","","Clear"
"zapopan","06/24/2019",23.2,31.9,28.3,8.1,29.33,29.8,7.2,,306.67,,0,0,,12,0,1008,"",20.72163,-103.39335,"Zapopan, JAL, México","","","Clear"
"zapopan","06/25/2019",21.7,31.4,27,11.9,40.4,30.2,7.2,,243.33,,0,0,,12,16.7,1009.1,"",20.72163,-103.39335,"Zapopan, JAL, México","","","Clear"
"zapopan","06/26/2019",21.4,30.9,26.4,16.1,55.3,30.4,3.6,,183.33,,0,0,,12,50,1011,"",20.72163,-103.39335,"Zapopan, JAL, México","","","Partially cloudy"
"zapopan","06/27/2019",21.9,29.2,25.9,16.4,57.99,29,7.2,,120,,0,0,,12,66.7,1012.3,"Sky Coverage Increasing",20.72163,-103.39335,"Zapopan, JAL, México","","","Partially cloudy"
"zapopan","06/28/2019",21.6,30.6,26.1,10.9,39.6,29.2,14.8,,100,,0,0,,13,37.5,1012.8,"",20.72163,-103.39335,"Zapopan, JAL, México","","","Partially cloudy"
"zapopan","06/29/2019",21.7,28.6,25.6,11.9,43.41,27.7,7.2,,160,,0,0,,12,36.7,1012.9,"",20.72163,-103.39335,"Zapopan, JAL, México","","","Partially cloudy"
"zapopan","06/30/2019",18.7,27.1,23.4,14.9,60.82,27,3.6,,33.33,,0,0,,12,30,1013.7,"",20.72163,-103.39335,"Zapopan, JAL, México","","","Partially cloudy"
"zapopan","07/01/2019",20.8,28.6,25.4,12.4,46.08,27.7,3.6,,213.33,,0,0,,13,60,1013.3,"",20.72163,-103.39335,"Zapopan, JAL, México","","","Partially cloudy"
"zapopan","07/02/2019",21.1,29.4,24.9,14,52.76,28.5,7.2,,183.33,,0,0,,12,56.5,1012.4,"",20.72163,-103.39335,"Zapopan, JAL, México","","","Partially cloudy"
"zapopan","07/03/2019",20.5,28.4,25,13.2,49.34,27.7,3.6,,140,,0,0,,12,20,1012,"",20.72163,-103.39335,"Zapopan, JAL, México","","","Clear"
"zapopan","07/04/2019",23.1,29.9,26.4,14.1,48.34,28.9,7.2,,146.67,,0,0,,12,43.3,1011.7,"",20.72163,-103.39335,"Zapopan, JAL, México","","","Partially cloudy"
"zapopan","07/05/2019",19.6,27.9,23.6,15,60.54,27.7,3.6,,266.67,,0,0,,12,93.3,1015.1,"Sky Coverage Decreasing",20.72163,-103.39335,"Zapopan, JAL, México","","","Overcast"
"zapopan","07/06/2019",22.6,31.6,27.2,16.2,53.47,31,3.6,,93.33,,0,0,,12,43.3,1012.2,"",20.72163,-103.39335,"Zapopan, JAL, México","","","Partially cloudy"
"zapopan","07/07/2019",22.7,29.6,26.4,15.4,52.51,28.9,3.6,,103.33,,0,0,,12,40,1011.7,"",20.72163,-103.39335,"Zapopan, JAL, México","","","Partially cloudy"
"zapopan","07/08/2019",22.1,31.1,26.7,15.1,52.33,30,7.2,,247,,0,0,,12.1,53.5,1011.1,"",20.72163,-103.39335,"Zapopan, JAL, México","","","Partially cloudy"
"zapopan","07/09/2019",26.6,29.9,28.2,16.4,49.24,29.7,7.2,,235,,0,0,,12,15,1011.7,"",20.72163,-103.39335,"Zapopan, JAL, México","","","Clear"
"zapopan","07/10/2019",21.4,30.2,25.9,15.3,54.83,29.3,3.6,,136.67,,0,0,,12,26.7,1011.9,"",20.72163,-103.39335,"Zapopan, JAL, México","","","Partially cloudy"
"zapopan","07/11/2019",19.9,28.9,24.8,16.9,64.52,29,7.2,,163.33,,0,0,,12,90,1011,"Sky Coverage Increasing",20.72163,-103.39335,"Zapopan, JAL, México","","","Overcast"
"zapopan","07/12/2019",18.7,27.7,23.3,16.8,69.75,27.9,3.6,,130,,0.3,10,,12,73.3,1009.9,"Sky Coverage Decreasing, Sky Coverage Increasing",20.72163,-103.39335,"Zapopan, JAL, México","","","Rain, Partially cloudy"
"zapopan","07/13/2019",20.7,27.7,24.4,15.8,59.76,27.8,7.2,,173.33,,0,0,,12,50,1010.6,"",20.72163,-103.39335,"Zapopan, JAL, México","","","Partially cloudy"
"zapopan","07/14/2019",19.2,27.1,23.5,16.2,65.99,27.4,3.7,,148.67,,0,0,,12,50,1012,"",20.72163,-103.39335,"Zapopan, JAL, México","","","Partially cloudy"
"zapopan","07/15/2019",24.6,27.2,25.9,16.4,56.07,27.6,3.6,,205,,0,0,,12,65,1010.5,"",20.72163,-103.39335,"Zapopan, JAL, México","","","Partially cloudy"
"zapopan","07/16/2019",19.2,28.9,24.3,16.4,65.13,28.8,3.6,,76.67,,0,0,,12,36.7,1013.5,"",20.72163,-103.39335,"Zapopan, JAL, México","","","Partially cloudy"
"zapopan","07/17/2019",20.2,28.7,24.4,16.5,63.83,28.9,3.6,,170,,0,0,,12,90,1012.6,"",20.72163,-103.39335,"Zapopan, JAL, México","","","Overcast"
"zapopan","07/18/2019",21.4,29.2,25.2,16.7,61.11,29.2,3.6,,146.67,,0,0,,12,63.3,1011.5,"",20.72163,-103.39335,"Zapopan, JAL, México","","","Partially cloudy"
"zapopan","07/19/2019",20.8,27.9,24.9,16.9,63.04,28.1,3.6,,36.67,,0,0,,12,60,1010.8,"",20.72163,-103.39335,"Zapopan, JAL, México","","","Partially cloudy"
"zapopan","07/20/2019",18.6,25.7,22.5,16.2,69.25,,7.2,,106.67,,1,10,,12,83.3,1012.4,"Sky Coverage Decreasing",20.72163,-103.39335,"Zapopan, JAL, México","","","Rain, Overcast"
"zapopan","07/21/2019",18.2,25.6,22.2,16.3,71.19,,7.2,,200,,0.9,10,,12,80,1013.8,"Sky Coverage Decreasing",20.72163,-103.39335,"Zapopan, JAL, México","","","Rain, Overcast"
"zapopan","07/22/2019",18.7,27.4,23.4,16.2,66.85,27.4,3.6,,40,,0,0,,12,53.3,1013.8,"",20.72163,-103.39335,"Zapopan, JAL, México","","","Partially cloudy"
"zapopan","07/23/2019",20.4,24.6,23.1,15.9,64.51,,7.2,,83.33,,0,0,,12,73.3,1012.9,"Light Drizzle",20.72163,-103.39335,"Zapopan, JAL, México","","","Partially cloudy"
"zapopan","07/24/2019",20.4,24.2,22.4,17.5,74.17,,3.6,,220,,5,10,,12,90,1013.7,"Light Drizzle, Sky Coverage Decreasing, Sky Unchanged",20.72163,-103.39335,"Zapopan, JAL, México","","","Rain, Overcast"
"zapopan","07/25/2019",19.6,26.4,23.1,16.5,68.23,,7.2,,90,,0,0,,12,83.3,1013.8,"",20.72163,-103.39335,"Zapopan, JAL, México","","","Overcast"
"zapopan","07/26/2019",19.9,27.7,24.1,16.1,62.78,27.9,7.2,,50,,0,0,,12,70,1013.7,"Sky Coverage Increasing",20.72163,-103.39335,"Zapopan, JAL, México","","","Partially cloudy"
"zapopan","07/27/2019",18.4,25.7,22.3,16.4,71.45,,3.6,,100,,0,0,,12,90,1015.8,"",20.72163,-103.39335,"Zapopan, JAL, México","","","Overcast"
"zapopan","07/28/2019",21.4,27.6,24.5,16.8,63.79,28,3.6,,50,,0.8,10,,12,76.7,1014.8,"Sky Coverage Decreasing, Sky Coverage Increasing",20.72163,-103.39335,"Zapopan, JAL, México","","","Rain, Overcast"
"zapopan","07/29/2019",18.6,27.7,23.7,14.9,60.07,27.5,7.2,,236.67,,0,0,,12,40,1013.7,"",20.72163,-103.39335,"Zapopan, JAL, México","","","Partially cloudy"
"zapopan","07/30/2019",17.9,27.7,23.2,16.2,67.28,27.8,3.6,,70,,0,0,,12,60,1014.2,"",20.72163,-103.39335,"Zapopan, JAL, México","","","Partially cloudy"
"zapopan","07/31/2019",20.4,28.7,24.7,16.2,61.88,28.2,3.6,,150,,0,0,,12,56.7,1013.3,"",20.72163,-103.39335,"Zapopan, JAL, México","","","Partially cloudy"
"zapopan","08/01/2019",20.1,28.6,24.3,13.9,55.93,27.9,3.6,,40,,0,0,,12,35,1012.5,"",20.72163,-103.39335,"Zapopan, JAL, México","","","Partially cloudy"
"zapopan","08/02/2019",21.7,29.1,25.9,15.4,56.34,28,7.2,,143.33,,0,0,,12,33.3,1011.5,"",20.72163,-103.39335,"Zapopan, JAL, México","","","Partially cloudy"
"zapopan","08/03/2019",20.4,28.4,25.2,17.6,64.75,28.8,3.6,,206.67,,0,0,,12,53.3,1010.5,"",20.72163,-103.39335,"Zapopan, JAL, México","","","Partially cloudy"
"zapopan","08/04/2019",20.8,29.6,25.1,16.4,60.02,29.8,3.6,,230,,0,0,,13.4,56.7,1010,"",20.72163,-103.39335,"Zapopan, JAL, México","","","Partially cloudy"
"zapopan","08/05/2019",21.2,27.6,24.4,16.5,63.45,27.8,3.6,,160,,0,0,,12,95,1011.8,"",20.72163,-103.39335,"Zapopan, JAL, México","","","Overcast"
"zapopan","08/06/2019",19.6,25.4,23,17.6,72.99,,7.2,,310,,0,0,,12,83.3,1013.3,"Sky Coverage Decreasing, Sky Coverage Increasing",20.72163,-103.39335,"Zapopan, JAL, México","","","Overcast"
"zapopan","08/07/2019",19.1,27.2,23.3,17.1,69.08,28.9,3.6,,240,,0,0,,12,73.3,1012.4,"",20.72163,-103.39335,"Zapopan, JAL, México","","","Partially cloudy"
"zapopan","08/08/2019",17.7,25.4,21.7,16.8,75.65,,7.2,,50,,15,10,,12,90,1014,"Light Drizzle, Sky Coverage Increasing",20.72163,-103.39335,"Zapopan, JAL, México","","","Rain, Overcast"
"zapopan","08/09/2019",19.2,28.9,24.4,16.1,62.29,28.9,7.2,,136.67,,0,0,,12,23.3,1012.8,"",20.72163,-103.39335,"Zapopan, JAL, México","","","Clear"
"zapopan","08/10/2019",18.9,26.9,23.7,16.7,66.55,27.5,3.6,,206.67,,0,0,,12,73.3,1011.4,"",20.72163,-103.39335,"Zapopan, JAL, México","","","Partially cloudy"
"zapopan","08/11/2019",20.8,27.4,24.4,17.4,65.5,28.1,3.6,,113.33,,0,0,,12,63.3,1012.4,"",20.72163,-103.39335,"Zapopan, JAL, México","","","Partially cloudy"
"zapopan","08/12/2019",18.2,24.1,21.1,17.2,79.58,,3.6,,330,,0,0,,12,35,1015.2,"",20.72163,-103.39335,"Zapopan, JAL, México","","","Partially cloudy"
"zapopan","08/13/2019",20.5,28.2,24.4,17.1,64.92,28.7,3.6,,106.67,,0,0,,12,73.3,1011,"",20.72163,-103.39335,"Zapopan, JAL, México","","","Partially cloudy"
"zapopan","08/14/2019",20.4,28.6,24.9,17.5,65.72,28.8,7.2,,236.67,,0,0,,12,53.3,1011.7,"",20.72163,-103.39335,"Zapopan, JAL, México","","","Partially cloudy"
"zapopan","08/15/2019",20.1,28.4,24.6,16.5,62.17,29.2,3.6,,160,,0,0,,12,56.7,1013.9,"Sky Coverage Increasing",20.72163,-103.39335,"Zapopan, JAL, México","","","Partially cloudy"
"zapopan","08/16/2019",19.6,29.2,24.8,15.3,58.39,29.2,3.6,,160,,0,0,,12,20,1013.5,"",20.72163,-103.39335,"Zapopan, JAL, México","","","Clear"
"zapopan","08/17/2019",19.9,29.6,24.1,16.8,66.12,29.7,3.6,,210,,0,0,,11.8,60,1010.9,"",20.72163,-103.39335,"Zapopan, JAL, México","","","Partially cloudy"
"zapopan","08/18/2019",22.1,26.1,24.1,18.2,70.59,,3.6,,75,,0,0,,12,75,1010.4,"",20.72163,-103.39335,"Zapopan, JAL, México","","","Partially cloudy"
"zapopan","08/19/2019",22.7,28.7,26,17.6,61.65,28.9,7.2,,66.67,,0,0,,12,86.7,1008.3,"",20.72163,-103.39335,"Zapopan, JAL, México","","","Overcast"
"zapopan","08/20/2019",21.4,29.4,25.8,13.8,42.04,28.7,7.2,,70,,0,0,,12,30,1010,"",20.72163,-103.39335,"Zapopan, JAL, México","","","Partially cloudy"
"zapopan","08/21/2019",21.7,28.2,25.4,14.4,51.3,27.9,7.2,,70,,0,0,,12,63.3,1009.7,"",20.72163,-103.39335,"Zapopan, JAL, México","","","Partially cloudy"
"zapopan","08/22/2019",21.6,27.2,25.2,15.1,54.47,27.6,11.2,,177.5,,0,0,,13,90,1011.1,"",20.72163,-103.39335,"Zapopan, JAL, México","","","Overcast"
"zapopan","08/23/2019",20.1,27.7,24.4,15.9,61.34,27.7,10.8,,310,,0,0,,12,56.7,1011.7,"",20.72163,-103.39335,"Zapopan, JAL, México","","","Partially cloudy"
"zapopan","08/24/2019",17.9,24.9,20.9,16.9,79.87,,3.6,,163.33,,2,10,,12,86.7,1013.4,"Light Drizzle, Sky Coverage Increasing",20.72163,-103.39335,"Zapopan, JAL, México","","","Rain, Overcast"
"zapopan","08/25/2019",20.2,27.6,24.2,17.8,68.53,28.7,3.6,,256.67,,0,0,,12.1,69.8,1010.9,"",20.72163,-103.39335,"Zapopan, JAL, México","","","Partially cloudy"
"zapopan","08/26/2019",20.8,25.2,23.6,17.4,69.63,,3.6,,116.67,,0,0,,12,83.3,1009.8,"",20.72163,-103.39335,"Zapopan, JAL, México","","","Overcast"
"zapopan","08/27/2019",19.6,24.6,22.1,18.1,79.02,,3.6,,30,,0,0,,12,96.7,1011.2,"",20.72163,-103.39335,"Zapopan, JAL, México","","","Overcast"
"zapopan","08/28/2019",18.9,27.9,24.6,15.5,59.55,28.2,7.2,,150,,0,0,,12.2,37.5,1013.5,"",20.72163,-103.39335,"Zapopan, JAL, México","","","Partially cloudy"
"zapopan","08/29/2019",19.1,28.9,25.1,14.5,54.13,28.8,13,,75,,0,0,,13,30,1013.6,"Mist",20.72163,-103.39335,"Zapopan, JAL, México","","","Partially cloudy"
"zapopan","08/30/2019",22.1,25.7,23.9,14.6,56.48,,3.6,,80,,0,0,,12,15,1014.6,"",20.72163,-103.39335,"Zapopan, JAL, México","","","Clear"
"zapopan","08/31/2019",20.1,28.2,24.4,15.9,61.67,27.9,3.6,,126.67,,0,0,,12,73.3,1011.5,"",20.72163,-103.39335,"Zapopan, JAL, México","","","Partially cloudy"
"zapopan","09/01/2019",19.9,28.4,24.5,13.8,54.54,27.7,7.3,,176,,0,0,,12,30.8,1012.1,"",20.72163,-103.39335,"Zapopan, JAL, México","","","Partially cloudy"
"zapopan","09/02/2019",21.6,29.1,25.6,15,53.07,28.9,4,,85,,0,0,,12,47.7,1010.7,"",20.72163,-103.39335,"Zapopan, JAL, México","","","Partially cloudy"
"zapopan","09/03/2019",19.9,27.7,24.1,14.6,56.81,27.8,7.2,,260,,0,0,,12,26.7,1010.5,"",20.72163,-103.39335,"Zapopan, JAL, México","","","Partially cloudy"
"zapopan","09/04/2019",21.9,29.1,25.8,17.5,61.67,29.5,7.2,,163.33,,0,0,,12,53.3,1009.1,"",20.72163,-103.39335,"Zapopan, JAL, México","","","Partially cloudy"
"zapopan","09/05/2019",19.1,27.7,24.4,16.1,62.5,28,5.4,,140,,0,0,,13,77.5,1014.3,"",20.72163,-103.39335,"Zapopan, JAL, México","","","Overcast"
"zapopan","09/06/2019",25.4,27.2,26.3,17.3,58.04,27.7,3.6,,70,,0,0,,12,55,1013.1,"",20.72163,-103.39335,"Zapopan, JAL, México","","","Partially cloudy"
"zapopan","09/07/2019",19.4,25.9,23.4,16.3,66.31,,3.6,,253.33,,0,0,,12,63.3,1013.3,"",20.72163,-103.39335,"Zapopan, JAL, México","","","Partially cloudy"
"zapopan","09/08/2019",19.2,25.4,22.8,15.9,66.66,,3.6,,53.33,,0,0,,12,63.3,1013.3,"",20.72163,-103.39335,"Zapopan, JAL, México","","","Partially cloudy"
"zapopan","09/09/2019",19.4,27.6,24,15.7,62.34,27.6,3.6,,213.33,,0,0,,12,36.7,1013.3,"",20.72163,-103.39335,"Zapopan, JAL, México","","","Partially cloudy"
"zapopan","09/10/2019",20.2,28.1,24.5,15.9,60.07,28.3,7.2,,140,,0,0,,12,50,1012.3,"",20.72163,-103.39335,"Zapopan, JAL, México","","","Partially cloudy"
"zapopan","09/11/2019",20.7,27.4,24.5,16.3,61.01,27.9,11.2,,42.5,,0,0,,10.6,65,1012.2,"",20.72163,-103.39335,"Zapopan, JAL, México","","","Partially cloudy"
"zapopan","09/12/2019",21.1,26.9,24.9,15.4,56.81,27.2,7.6,,102.5,,0,0,,13,67.5,1010.9,"",20.72163,-103.39335,"Zapopan, JAL, México","","","Partially cloudy"
"zapopan","09/13/2019",19.7,23.7,21.7,14.3,64.4,,3.7,,106,,0,0,,12.1,94.7,1012.9,"",20.72163,-103.39335,"Zapopan, JAL, México","","","Overcast"
"zapopan","09/14/2019",19.1,26.6,23.5,15.9,63.85,,7.2,,81,,0,0,,12.2,58.1,1012.4,"",20.72163,-103.39335,"Zapopan, JAL, México","","","Partially cloudy"
"zapopan","09/15/2019",19.9,27.4,24.1,14.1,54.7,27.3,7.2,,110,,0,0,,12,23.3,1012.6,"",20.72163,-103.39335,"Zapopan, JAL, México","","","Clear"
"zapopan","09/16/2019",20.5,28.7,24.6,16.3,62.77,28.4,3.6,,200,,0,0,,12,60,1011.5,"",20.72163,-103.39335,"Zapopan, JAL, México","","","Partially cloudy"
"zapopan","09/17/2019",21.1,29.4,26,16.1,57.17,29.3,7.6,,122.5,,0,0,,13,75,1010.3,"",20.72163,-103.39335,"Zapopan, JAL, México","","","Partially cloudy"
"zapopan","09/18/2019",21.6,27.1,24.4,17.7,67.2,27.8,3.6,,63.33,,0,0,,12,90,1010.1,"",20.72163,-103.39335,"Zapopan, JAL, México","","","Overcast"
"zapopan","09/19/2019",21.6,26.1,24.1,16.4,63.09,,3.6,,156.67,,0,0,,12,96.7,1009.7,"",20.72163,-103.39335,"Zapopan, JAL, México","","","Overcast"
"zapopan","09/20/2019",20.5,27.9,24.4,17.4,66.52,28.4,7.2,,120,,2,10,,12,73.3,1009.6,"Sky Coverage Decreasing, Sky Coverage Increasing",20.72163,-103.39335,"Zapopan, JAL, México","","","Rain, Partially cloudy"
"zapopan","09/21/2019",19.9,27.6,24.4,16.1,61.45,27.7,3.6,,96.67,,0,0,,12,50,1011.6,"",20.72163,-103.39335,"Zapopan, JAL, México","","","Partially cloudy"
"zapopan","09/22/2019",20.7,28.6,24.9,15.9,58.31,28.5,3.6,,73.33,,0,0,,12,50,1011.7,"",20.72163,-103.39335,"Zapopan, JAL, México","","","Partially cloudy"
"zapopan","09/23/2019",21.2,29.7,25.7,17.8,63.82,30.1,3.6,,226.67,,0,0,,12,56.7,1011.1,"",20.72163,-103.39335,"Zapopan, JAL, México","","","Partially cloudy"
"zapopan","09/24/2019",21.2,29.9,25.6,16.2,57.73,30,7.2,,166.67,,0,0,,12,33.3,1009.6,"",20.72163,-103.39335,"Zapopan, JAL, México","","","Partially cloudy"
"zapopan","09/25/2019",20.2,25.9,23.8,16.6,65.11,,3.6,,210,,0,0,,12,73.3,1010.5,"",20.72163,-103.39335,"Zapopan, JAL, México","","","Partially cloudy"
"zapopan","09/26/2019",20.8,27.4,24.4,17.3,65.5,28,7.2,,316.67,,0,0,,12,70,1009.6,"",20.72163,-103.39335,"Zapopan, JAL, México","","","Partially cloudy"
"zapopan","09/27/2019",20.7,29.2,25.3,17.3,64.34,29.1,3.6,,103.33,,0,0,,12,56.7,1006.2,"Drizzle, Sky Coverage Decreasing",20.72163,-103.39335,"Zapopan, JAL, México","","","Partially cloudy"
"zapopan","09/28/2019",19.9,28.1,24.3,16.7,65.21,27.9,3.6,,133.33,,0,0,,12,60,1006.9,"",20.72163,-103.39335,"Zapopan, JAL, México","","","Partially cloudy"
"zapopan","09/29/2019",20.5,23.9,21.7,17.7,78.39,,7.2,,90,,7,10,,12,80,1005.1,"Light Drizzle",20.72163,-103.39335,"Zapopan, JAL, México","","","Rain, Overcast"
"zapopan","09/30/2019",19.4,24.2,21.9,16.7,72.8,,7.2,,123.33,,0,0,,12,96.7,1009.3,"",20.72163,-103.39335,"Zapopan, JAL, México","","","Overcast"
"zapopan","10/01/2019",21.4,28.2,24.9,16,58.59,28.4,7.2,,153.33,,0,0,,12,63.3,1008.3,"",20.72163,-103.39335,"Zapopan, JAL, México","","","Partially cloudy"
"zapopan","10/02/2019",25.1,27.1,26.1,14.7,49.57,27.2,3.6,,180,,0,0,,13.4,50,1007.3,"",20.72163,-103.39335,"Zapopan, JAL, México","","","Partially cloudy"
"zapopan","10/03/2019",18.9,27.9,23.8,15.6,62.48,28,3.6,,93.33,,0,0,,12,56.7,1010.8,"",20.72163,-103.39335,"Zapopan, JAL, México","","","Partially cloudy"
"zapopan","10/04/2019",19.9,29.2,25.1,15.2,56.22,28.9,3.6,,110,,0,0,,12,53.3,1012.3,"",20.72163,-103.39335,"Zapopan, JAL, México","","","Partially cloudy"
"zapopan","10/05/2019",18.9,27.2,23.4,15.9,65.02,27.3,7.2,,115,,0,0,,12,76.7,1012.8,"",20.72163,-103.39335,"Zapopan, JAL, México","","","Overcast"
"zapopan","10/06/2019",20.5,28.7,25.1,16.1,59.24,29.1,3.6,,180,,0,0,,12.2,64.8,1010.9,"",20.72163,-103.39335,"Zapopan, JAL, México","","","Partially cloudy"
"zapopan","10/07/2019",22.9,28.7,26.2,14.6,50.43,28.1,7.2,,90,,0,0,,12,26.7,1009.5,"",20.72163,-103.39335,"Zapopan, JAL, México","","","Partially cloudy"
"zapopan","10/08/2019",18.4,27.7,23.5,11.9,48.87,27.4,7.2,,76.67,,0,0,,12,23.3,1012,"",20.72163,-103.39335,"Zapopan, JAL, México","","","Clear"
"zapopan","10/09/2019",19.9,27.9,24.5,13,49.88,27.6,7.2,,106.67,,0,0,,12,40,1011.4,"",20.72163,-103.39335,"Zapopan, JAL, México","","","Partially cloudy"
"zapopan","10/10/2019",17.1,29.9,23.9,15.3,62.59,29,3.6,,103.33,,0,0,,10.2,65,1008.6,"Smoke Or Haze",20.72163,-103.39335,"Zapopan, JAL, México","","","Partially cloudy"
"zapopan","10/11/2019",20.7,29.9,25.9,15.6,55.71,29.4,3.6,,215,,0,0,,12,56.7,1008.4,"",20.72163,-103.39335,"Zapopan, JAL, México","","","Partially cloudy"
"zapopan","10/12/2019",21.1,27.2,24.4,14.4,54.74,27.1,14.8,,132.5,,0,0,,11.8,62.5,1010.4,"",20.72163,-103.39335,"Zapopan, JAL, México","","","Partially cloudy"
"zapopan","10/13/2019",20.2,27.7,24.9,15.3,57.02,28,10.8,,263.33,,0,0,,12,30,1010.7,"",20.72163,-103.39335,"Zapopan, JAL, México","","","Partially cloudy"
"zapopan","10/14/2019",19.2,29.9,25.3,16.3,60.95,29.7,3.6,,253.33,,0,0,,12,50,1010.8,"",20.72163,-103.39335,"Zapopan, JAL, México","","","Partially cloudy"
"zapopan","10/15/2019",22.4,30.7,26.5,15.5,55.16,29.7,3.6,,60,,0,0,,12,35,1007.5,"",20.72163,-103.39335,"Zapopan, JAL, México","","","Partially cloudy"
"zapopan","10/16/2019",19.4,29.7,24.5,10.5,43.42,28.5,3.6,,60,,0,0,,12,80,1007.4,"Sky Coverage Increasing",20.72163,-103.39335,"Zapopan, JAL, México","","","Overcast"
"zapopan","10/17/2019",18.4,27.4,22.9,15.7,67.19,27.6,3.6,104.4,125,,0.5,10,,12,90,1008.7,"Drizzle, Sky Coverage Increasing",20.72163,-103.39335,"Zapopan, JAL, México","","","Rain, Overcast"
"zapopan","10/18/2019",20.2,24.4,22.3,17.1,73.4,,3.6,,295,,0,0,,12,85,1008,"",20.72163,-103.39335,"Zapopan, JAL, México","","","Overcast"
"zapopan","10/19/2019",18.7,24.6,21.4,15.4,69.6,,3.6,,135,,0,0,,12,93.3,1008,"",20.72163,-103.39335,"Zapopan, JAL, México","","","Overcast"
"zapopan","10/20/2019",20.7,23.2,22.1,17.2,74.12,,3.6,,220,,0.5,10,,12,93.3,1006.7,"Drizzle",20.72163,-103.39335,"Zapopan, JAL, México","","","Rain, Overcast"
"zapopan","10/21/2019",18.7,23.4,21,16.2,74.84,,7.2,,123.33,,0,0,,12,96.7,1011.2,"Sky Unchanged",20.72163,-103.39335,"Zapopan, JAL, México","","","Overcast"
"zapopan","10/22/2019",19.1,24.9,21.9,15.9,70.1,,10.8,,70,,0,0,,12,83.3,1012.6,"Thunderstorm Without Precipitation",20.72163,-103.39335,"Zapopan, JAL, México","","","Overcast"
"zapopan","10/23/2019",17.4,26.4,21.8,14.9,67.42,,3.6,,210,,0,0,,12,70,1012.5,"",20.72163,-103.39335,"Zapopan, JAL, México","","","Partially cloudy"
"zapopan","10/24/2019",18.9,26.4,23.3,15.1,61.35,,3.6,,233.33,,0,0,,12,63.3,1009.4,"",20.72163,-103.39335,"Zapopan, JAL, México","","","Partially cloudy"
"zapopan","10/25/2019",18.6,27.2,22.6,16,68.82,27.4,3.6,,303.33,,0,0,,12,70,1009.8,"",20.72163,-103.39335,"Zapopan, JAL, México","","","Partially cloudy"
"zapopan","10/26/2019",17.6,24.6,21.2,14.4,66.36,,3.6,,193.33,,0,0,,12,60,1010.4,"",20.72163,-103.39335,"Zapopan, JAL, México","","","Partially cloudy"
"zapopan","10/27/2019",23.9,26.2,25,11,41.72,,3.6,,255,,0,0,,12,65,1010.8,"",20.72163,-103.39335,"Zapopan, JAL, México","","","Partially cloudy"
"zapopan","10/28/2019",16.1,26.4,22,14,63.29,,3.6,,230,,0,0,,12,66.7,1012.2,"",20.72163,-103.39335,"Zapopan, JAL, México","","","Partially cloudy"
"zapopan","10/29/2019",17.7,26.2,23.2,15.8,65.78,,3.6,,206.67,,0,0,,12,43.3,1010.8,"",20.72163,-103.39335,"Zapopan, JAL, México","","","Partially cloudy"
"zapopan","10/30/2019",18.4,25.4,22.6,15.8,66.83,,3.6,,196.67,,0,0,,12,83.3,1011.8,"",20.72163,-103.39335,"Zapopan, JAL, México","","","Overcast"
"zapopan","10/31/2019",18.9,29.1,24.7,15.6,59.46,29,3.6,,103.33,,0,0,,12,10,1012.4,"",20.72163,-103.39335,"Zapopan, JAL, México","","","Clear"
"zapopan","11/01/2019",15.2,26.2,22.1,12.9,58.04,,5.4,,223.33,,0,0,,13,77.5,1017,"",20.72163,-103.39335,"Zapopan, JAL, México","","","Overcast"
"zapopan","11/02/2019",18.1,27.2,22.1,15.8,69.81,27.3,11.2,,273.33,,0,0,,11.8,70,1013.6,"Light Rain, Sky Coverage Decreasing",20.72163,-103.39335,"Zapopan, JAL, México","","","Partially cloudy"
"zapopan","11/03/2019",16.2,25.2,20.7,14.2,68.19,,7.6,,146.67,,0,0,,12.2,67.5,1014.8,"",20.72163,-103.39335,"Zapopan, JAL, México","","","Partially cloudy"
"zapopan","11/04/2019",18.9,26.1,23,14.4,60.3,,3.6,,173.33,,0,0,,12,46.7,1012.3,"",20.72163,-103.39335,"Zapopan, JAL, México","","","Partially cloudy"
"zapopan","11/05/2019",17.4,27.7,23.4,15,64,27.4,3.6,79.2,133.33,,0,0,,12,53.3,1013,"Sky Unchanged",20.72163,-103.39335,"Zapopan, JAL, México","","","Partially cloudy"
"zapopan","11/06/2019",18.6,25.2,22.7,13.4,56.24,,3.6,36,110,,0,0,,12,23.3,1014.4,"Sky Unchanged",20.72163,-103.39335,"Zapopan, JAL, México","","","Clear"
"zapopan","11/07/2019",27.7,27.7,27.7,14.7,45.01,27.7,3.6,,340,,0,0,,12,40,1009.9,"",20.72163,-103.39335,"Zapopan, JAL, México","","","Partially cloudy"
"zapopan","11/08/2019",20.1,28.2,24,12.4,49.33,27.6,7.2,,93.33,,0,0,,12,26.7,1012.9,"",20.72163,-103.39335,"Zapopan, JAL, México","","","Partially cloudy"
"zapopan","11/09/2019",18.2,26.9,22.6,12.1,52.33,26.9,7.2,,83.33,,0,0,,12,3.3,1015.4,"",20.72163,-103.39335,"Zapopan, JAL, México","","","Clear"
"zapopan","11/10/2019",13.1,27.9,22,10,52.9,26.9,3.6,,70,,0,0,,12.7,2,1015.3,"",20.72163,-103.39335,"Zapopan, JAL, México","","","Clear"
"zapopan","11/11/2019",17.9,27.2,24.4,10.6,44.7,26.7,5.4,,250,,0,0,,12.2,55,1013,"",20.72163,-103.39335,"Zapopan, JAL, México","","","Partially cloudy"
"zapopan","11/12/2019",18.4,25.9,22.7,13.4,57.25,,7.2,39.6,176.67,,0,0,,12,83.3,1011.8,"Sky Coverage Increasing",20.72163,-103.39335,"Zapopan, JAL, México","","","Overcast"
"zapopan","11/13/2019",15.2,19.2,17.2,14.4,84.74,,7.2,,13.33,,0.3,10,,12,100,1014.2,"Light Drizzle, Sky Coverage Increasing",20.72163,-103.39335,"Zapopan, JAL, México","","","Rain, Overcast"
"zapopan","11/14/2019",15.7,21.7,19.3,13.7,71.75,,3.6,,116.67,,0,0,,12,86.7,1015.2,"Sky Coverage Decreasing, Sky Coverage Increasing",20.72163,-103.39335,"Zapopan, JAL, México","","","Overcast"
"zapopan","11/15/2019",15.7,23.6,20.3,10.1,52.55,,7.2,,76.67,,0,0,,12,50,1016.1,"",20.72163,-103.39335,"Zapopan, JAL, México","","","Partially cloudy"
"zapopan","11/16/2019",21.1,24.6,22.9,12.5,51.94,,11.2,,60,,0,0,,11.8,76.7,1011.8,"",20.72163,-103.39335,"Zapopan, JAL, México","","","Overcast"
"zapopan","11/17/2019",16.4,22.2,19.8,14.3,72.13,,7.2,,75,,0,0,,12,90,1013,"",20.72163,-103.39335,"Zapopan, JAL, México","","","Overcast"
"zapopan","11/18/2019",16.9,23.9,21,14.9,69.66,,3.6,,300,,0,0,,12,50,1012.1,"",20.72163,-103.39335,"Zapopan, JAL, México","","","Partially cloudy"
"zapopan","11/19/2019",14.9,25.4,20.8,14.2,69.45,,3.6,111.6,230,,0,0,,8,26.7,1013.5,"Fog, Sky Coverage Increasing",20.72163,-103.39335,"Zapopan, JAL, México","","","Partially cloudy"
"zapopan","11/20/2019",18.6,24.6,22,15.1,66.68,,7.2,,330,,0,0,,12,60,1013.3,"",20.72163,-103.39335,"Zapopan, JAL, México","","","Partially cloudy"
"zapopan","11/21/2019",15.4,25.4,21.1,14.4,68.74,,10.8,36,323.33,,0,0,,12,43.3,1014.6,"Sky Coverage Decreasing",20.72163,-103.39335,"Zapopan, JAL, México","","","Partially cloudy"
"zapopan","11/22/2019",16.2,27.1,23.5,12,53.08,26.7,14.8,,210,,0,0,,13,32.5,1013.8,"",20.72163,-103.39335,"Zapopan, JAL, México","","","Partially cloudy"
"zapopan","11/23/2019",15.6,27.2,21.4,12.5,66.04,26.7,3.6,,110,,0,0,,12,50,1013,"",20.72163,-103.39335,"Zapopan, JAL, México","","","Partially cloudy"
"zapopan","11/24/2019",27.1,27.1,27.1,8,30.12,26.5,0,,,,0,0,,16.1,30,,"",20.72163,-103.39335,"Zapopan, JAL, México","","","Partially cloudy"
"zapopan","11/25/2019",15.1,24.6,19.9,9.1,55.33,,7.2,,320,,0,0,,12.1,30,1011.9,"",20.72163,-103.39335,"Zapopan, JAL, México","","","Partially cloudy"
"zapopan","11/26/2019",16.9,24.4,20.6,13.4,66.08,,3.6,,270,,0,0,,12,75,1010.7,"",20.72163,-103.39335,"Zapopan, JAL, México","","","Partially cloudy"
"zapopan","11/27/2019",16.1,26.9,22.3,12.6,58.41,26.6,7.2,,140,,0,0,,12,40,1012.6,"",20.72163,-103.39335,"Zapopan, JAL, México","","","Partially cloudy"
"zapopan","11/28/2019",14.2,25.9,20.9,12.1,61.54,,7.2,36,335,,0,0,,12,13.3,1016.7,"Sky Coverage Increasing",20.72163,-103.39335,"Zapopan, JAL, México","","","Clear"
"zapopan","11/29/2019",15.1,26.6,21.8,11.6,56.8,,3.6,,113.33,,0,0,,12,3.3,1017.3,"",20.72163,-103.39335,"Zapopan, JAL, México","","","Clear"
"zapopan","11/30/2019",14.2,27.1,23.4,10.2,48.07,26.5,10.8,28.8,313.33,,0,0,,11.4,20,1014.9,"Sky Coverage Increasing",20.72163,-103.39335,"Zapopan, JAL, México","","","Clear"
"zapopan","12/01/2019",13.4,28.2,21.9,10.8,55.02,27.4,3.6,,210,,0,0,,12,66.7,1014.7,"",20.72163,-103.39335,"Zapopan, JAL, México","","","Partially cloudy"
"zapopan","12/02/2019",15.1,26.4,21.7,10.2,39.53,,3.6,,123.33,,0,0,,12,3.3,1016.5,"",20.72163,-103.39335,"Zapopan, JAL, México","","","Clear"
"zapopan","12/03/2019",15.1,26.4,21.5,12.4,59.09,,3.6,39.6,305,,0,0,,12,20,1015.7,"Sky Coverage Increasing",20.72163,-103.39335,"Zapopan, JAL, México","","","Clear"
"zapopan","12/04/2019",14.1,26.1,21.4,8.8,50.42,,7.6,,266.67,,0,0,,12.2,2.5,1015.8,"",20.72163,-103.39335,"Zapopan, JAL, México","","","Clear"
"zapopan","12/05/2019",13.6,25.9,20.8,10.2,55.66,,3.7,,133,,0,0,,12,10,1016.3,"",20.72163,-103.39335,"Zapopan, JAL, México","","","Clear"
"zapopan","12/06/2019",13.6,28.1,23.7,5.9,37.95,26.8,7.6,,144,,0,0,,14.8,0,1017.4,"",20.72163,-103.39335,"Zapopan, JAL, México","","","Clear"
"zapopan","12/07/2019",12.1,24.1,19.2,4.9,43.63,,3.6,,140,,0,0,,13.4,0,1022.7,"",20.72163,-103.39335,"Zapopan, JAL, México","","","Clear"
"zapopan","12/08/2019",10.6,25.7,19.2,8.4,54.57,,3.6,,300,,0,0,,11,2.5,1019.7,"",20.72163,-103.39335,"Zapopan, JAL, México","","","Clear"
"zapopan","12/09/2019",11.1,24.9,19.7,8.9,56.56,,7.2,,230,,0,0,,13,0,1015.4,"",20.72163,-103.39335,"Zapopan, JAL, México","","","Clear"
"zapopan","12/10/2019",10.1,24.1,18.2,6.7,54.12,,14.8,,320,,0,0,,13.4,63.3,1018.1,"",20.72163,-103.39335,"Zapopan, JAL, México","","","Partially cloudy"
"zapopan","12/11/2019",10.2,19.9,15,6.3,57.92,,3.6,28.8,105,,0,0,,13.5,10,1021.6,"Sky Coverage Increasing",20.72163,-103.39335,"Zapopan, JAL, México","","","Clear"
"zapopan","12/12/2019",7.1,22.2,14.6,7.5,67.17,,3.6,,70,,0,0,,12.5,32.5,1022.4,"",20.72163,-103.39335,"Zapopan, JAL, México","","","Partially cloudy"
"zapopan","12/13/2019",11.9,22.9,17.4,9.3,64.38,,3.6,,185,,0,0,,13.5,0,1019.8,"",20.72163,-103.39335,"Zapopan, JAL, México","","","Clear"
"zapopan","12/14/2019",7.9,26.3,19.8,3.2,40.3,,14.8,,122.25,,0,0,,12.7,0,1016.5,"",20.72163,-103.39335,"Zapopan, JAL, México","","","Clear"
"zapopan","12/15/2019",10.2,25.4,19.1,6.5,51.68,,7.2,36,300,,0,0,,12,3.3,1016.3,"Sky Coverage Increasing",20.72163,-103.39335,"Zapopan, JAL, México","","","Clear"
"zapopan","12/16/2019",9.9,21.2,15.5,6.6,61.17,,3.6,,185,,0,0,,13.5,20,1017.9,"",20.72163,-103.39335,"Zapopan, JAL, México","","","Clear"
"zapopan","12/17/2019",10.4,20.4,15.4,8.6,66.86,,3.6,,330,,0,0,,13.5,45,1017.6,"Sky Coverage Increasing",20.72163,-103.39335,"Zapopan, JAL, México","","","Partially cloudy"
"zapopan","12/18/2019",11.6,18.1,14.8,4.9,52.28,,7.2,,95,,0,0,,13.5,5,1017.8,"",20.72163,-103.39335,"Zapopan, JAL, México","","","Clear"
"zapopan","12/19/2019",9.2,22.4,17.9,6.9,51.05,,3.6,,100,,0,0,,13.7,62.5,1018,"",20.72163,-103.39335,"Zapopan, JAL, México","","","Partially cloudy"
"zapopan","12/20/2019",13.6,16.7,15.4,12.4,82.24,,3.6,,160,,0.1,10,,11.3,100,1017.3,"Light Drizzle, Sky Coverage Increasing",20.72163,-103.39335,"Zapopan, JAL, México","","","Rain, Overcast"
"zapopan","12/21/2019",12.6,14.7,13.6,11.8,89.4,,7.2,,206.67,,0.8,20,,12,93.3,1017.6,"Light Drizzle, Sky Coverage Decreasing, Sky Coverage Increasing",20.72163,-103.39335,"Zapopan, JAL, México","","","Rain, Overcast"
"zapopan","12/22/2019",9.4,18.4,13.8,7.8,69.55,,7.2,21.6,95,,0,0,,12,60,1022,"Sky Coverage Increasing",20.72163,-103.39335,"Zapopan, JAL, México","","","Partially cloudy"
"zapopan","12/23/2019",10.4,23.9,17.9,8.1,57.9,,3.6,,170,,0,0,,14,13.3,1018.1,"",20.72163,-103.39335,"Zapopan, JAL, México","","","Clear"
"zapopan","12/24/2019",11.1,24.1,18.8,9.5,60.03,,7.2,,160,,0,0,,14,40,1016.4,"",20.72163,-103.39335,"Zapopan, JAL, México","","","Partially cloudy"
"zapopan","12/25/2019",20.8,25.1,23.4,8.2,39.2,,22.3,39.6,213.33,,0,0,,15.4,40,1012.7,"Sky Coverage Increasing",20.72163,-103.39335,"Zapopan, JAL, México","","","Partially cloudy"
"zapopan","12/26/2019",9.2,24.4,18.3,6.6,53.27,,10.8,,196.67,,0,0,,14,3.3,1015.3,"",20.72163,-103.39335,"Zapopan, JAL, México","","","Clear"
"zapopan","12/27/2019",9.9,24.9,18.8,7.7,55.17,,7.2,,180,,0,0,,14,40,1014.5,"",20.72163,-103.39335,"Zapopan, JAL, México","","","Partially cloudy"
"zapopan","12/28/2019",13.2,20.2,17.6,11,67.28,,10.8,32.4,316.67,,0,0,,12,63.3,1014.8,"Sky Coverage Increasing",20.72163,-103.39335,"Zapopan, JAL, México","","","Partially cloudy"
"zapopan","12/29/2019",12.6,20.8,16.9,9.8,64.81,,3.6,,290,,0,0,,12,86.7,1015.4,"",20.72163,-103.39335,"Zapopan, JAL, México","","","Overcast"
"zapopan","12/30/2019",8.9,24.1,19,8.4,55.66,,11.2,,230,,0,0,,15.3,17.5,1015.6,"",20.72163,-103.39335,"Zapopan, JAL, México","","","Clear"
"zapopan","12/31/2019",10.4,22.9,18,7.9,58.36,,7.2,,250,,0,0,,14,46.7,1016.4,"",20.72163,-103.39335,"Zapopan, JAL, México","","","Partially cloudy"
